mes,preco_produtor,cide,pis_cofins,icms,margem_distribuicao,preco_distribuicao,margem_revenda,preco_consumidor
2001-11-01,9.57,,1.11,2.57,6.12,15.46,3.41,18.87
2001-12-01,9.0,,1.11,2.57,6.02,15.36,3.33,18.69
2002-01-01,8.08,1.32,1.32,2.83,6.48,17.39,4.46,21.85
2002-02-01,8.1,1.33,1.33,2.91,7.18,18.19,3.75,21.94
2002-03-01,8.09,1.32,1.32,2.94,7.2,18.23,3.61,21.84
2002-04-01,7.72,,1.51,3.18,7.02,19.43,4.62,24.05
2002-05-01,7.73,,1.51,3.43,7.07,19.74,3.71,23.45
2002-06-01,8.44,,1.65,3.59,7.17,20.85,4.62,25.47
2002-07-01,8.91,,1.74,3.74,7.47,21.86,4.46,26.32
2002-08-01,8.97,,1.76,3.81,7.44,21.98,3.91,25.89
2002-09-01,8.27,,1.62,3.51,6.94,20.34,3.04,23.38
2002-10-01,8.51,,1.66,3.55,5.83,19.55,3.54,23.09
2002-11-01,10.53,,2.06,4.02,4.76,21.37,5.13,26.5
2002-12-01,11.31,,2.21,4.3,5.51,23.33,4.72,28.05
2003-01-01,11.42,,2.29,4.24,6.79,24.74,4.61,29.35
2003-02-01,11.42,,2.29,4.19,6.92,24.82,4.11,28.93
2003-03-01,11.42,,2.29,4.18,6.78,24.67,4.21,28.88
2003-04-01,11.42,,2.29,4.13,7.44,25.28,4.37,29.65
2003-05-01,11.42,,2.29,4.16,7.5,25.37,4.28,29.65
2003-06-01,11.42,,2.29,4.18,7.45,25.34,4.19,29.53
2003-07-01,11.42,,2.29,4.18,7.39,25.28,4.06,29.34
2003-08-01,11.42,,2.29,4.17,7.23,25.11,4.04,29.15
2003-09-01,11.42,,2.29,4.17,7.27,25.15,4.08,29.23
2003-10-01,11.42,,2.29,4.17,7.01,24.89,4.15,29.04
2003-11-01,11.42,,2.29,4.18,6.88,24.77,4.1,28.87
2003-12-01,11.42,,2.29,4.17,6.77,24.65,4.15,28.8
2004-01-01,11.42,,2.19,4.16,7.1,24.87,4.17,29.04
2004-02-01,11.42,,2.16,4.18,7.18,24.94,4.27,29.21
2004-03-01,11.42,,2.17,4.18,7.31,25.08,4.36,29.44
2004-04-01,11.42,,2.12,4.19,7.85,25.58,4.6,30.18
2004-05-01,11.28,,2.18,4.2,7.73,25.4,5.04,30.44
2004-06-01,11.33,,2.18,4.22,7.7,25.42,5.01,30.43
2004-07-01,11.33,,2.18,4.24,7.62,25.37,5.07,30.44
2004-08-01,11.26,,2.18,4.27,7.57,25.28,5.06,30.34
2004-09-01,11.26,,2.18,4.27,7.46,25.17,5.05,30.22
2004-10-01,11.26,,2.18,4.25,7.44,25.12,5.05,30.17
2004-11-01,11.28,,2.18,4.25,7.33,25.04,4.84,29.88
2004-12-01,11.3,,2.18,4.31,6.93,24.72,5.25,29.97
2005-01-01,11.3,,2.18,4.31,6.82,24.61,5.29,29.9
2005-02-01,11.31,,2.18,4.31,6.63,24.43,5.33,29.76
2005-03-01,11.31,,2.18,4.31,6.62,24.43,5.38,29.81
2005-04-01,11.32,,2.18,4.32,6.49,24.31,5.42,29.73
2005-05-01,11.32,,2.18,4.32,6.4,24.22,5.41,29.63
2005-06-01,11.33,,2.18,4.33,6.46,24.3,5.36,29.66
2005-07-01,11.33,,2.18,4.33,6.38,24.22,5.4,29.62
2005-08-01,11.32,,2.18,4.33,6.36,24.19,5.37,29.56
2005-09-01,11.3,,2.18,4.33,6.64,24.45,5.2,29.65
2005-10-01,11.3,,2.18,4.38,6.8,24.66,5.31,29.97
2005-11-01,11.3,,2.18,4.28,7.13,24.89,5.15,30.04
2005-12-01,11.32,,2.18,4.3,7.38,25.18,5.0,30.18
2006-01-01,11.33,,2.18,4.3,7.61,25.42,4.96,30.38
2006-02-01,11.33,,2.18,4.3,7.67,25.49,5.06,30.55
2006-03-01,11.33,,2.18,4.31,7.87,25.69,5.21,30.9
2006-04-01,11.33,,2.18,4.32,8.05,25.88,5.53,31.41
2006-05-01,11.31,,2.18,4.33,8.39,26.21,5.79,32.0
2006-06-01,11.32,,2.18,4.34,8.72,26.56,5.96,32.52
2006-07-01,11.33,,2.18,4.39,8.77,26.67,6.2,32.87
2006-08-01,11.32,,2.18,4.4,8.93,26.83,6.16,32.99
2006-09-01,11.33,,2.18,4.4,9.12,27.03,6.14,33.17
2006-10-01,11.35,,2.18,4.4,8.99,26.92,6.01,32.93
2006-11-01,11.33,,2.18,4.41,8.88,26.8,6.25,33.05
2006-12-01,11.32,,2.18,4.42,8.84,26.76,6.26,33.02
2007-01-01,11.31,,2.18,4.43,8.79,26.71,6.33,33.04
2007-02-01,11.32,,2.18,4.43,8.82,26.75,6.35,33.1
2007-03-01,11.33,,2.18,4.43,8.91,26.85,6.25,33.1
2007-04-01,11.32,,2.18,4.44,8.97,26.91,6.18,33.09
2007-05-01,11.35,,2.18,4.44,8.9,26.87,6.18,33.05
2007-06-01,11.34,,2.18,4.45,8.95,26.92,6.12,33.04
2007-07-01,11.33,,2.18,4.45,9.02,26.98,6.06,33.04
2007-08-01,11.34,,2.18,4.44,9.13,27.09,5.85,32.94
2007-09-01,11.33,,2.18,4.5,8.92,26.93,5.9,32.83
2007-10-01,11.33,,2.18,4.51,8.52,26.54,6.23,32.77
2007-11-01,11.33,,2.18,4.49,8.39,26.39,6.36,32.75
2007-12-01,11.34,,2.18,4.5,8.37,26.39,6.37,32.76
2008-01-01,11.34,,2.18,4.5,8.4,26.42,6.4,32.82
2008-02-01,11.34,,2.18,4.49,8.43,26.44,6.37,32.81
2008-03-01,11.33,,2.18,4.48,8.59,26.57,6.21,32.78
2008-04-01,11.32,,2.18,4.47,8.48,26.46,6.28,32.74
2008-05-01,11.34,,2.18,4.48,8.45,26.45,6.44,32.89
2008-06-01,11.34,,2.18,4.51,8.45,26.48,6.63,33.11
2008-07-01,11.33,,2.18,4.52,8.49,26.52,6.72,33.24
2008-08-01,11.34,,2.18,4.53,8.54,26.59,6.79,33.38
2008-09-01,11.33,,2.18,4.53,8.65,26.69,6.72,33.41
2008-10-01,11.34,,2.18,4.47,8.54,26.53,6.89,33.42
2008-11-01,11.34,,2.18,4.47,8.47,26.46,6.94,33.4
2008-12-01,11.36,,2.18,4.47,8.46,26.47,6.91,33.38
2009-01-01,11.33,,2.18,4.45,8.56,26.52,6.88,33.4
2009-02-01,11.35,,2.18,4.46,8.65,26.64,6.75,33.39
2009-03-01,11.35,,2.18,4.46,8.79,26.77,7.14,33.91
2009-04-01,11.34,,2.18,4.46,9.35,27.34,7.48,34.82
2009-05-01,11.33,,2.18,4.47,9.53,27.51,7.72,35.23
2009-06-01,11.31,,2.18,4.48,9.68,27.65,8.13,35.78
2009-07-01,11.34,,2.18,4.48,9.91,27.91,8.3,36.21
2009-08-01,11.34,,2.18,4.49,9.87,27.87,8.5,36.37
2009-09-01,11.31,,2.18,4.52,10.13,28.14,9.74,37.88
2009-10-01,11.33,,2.18,4.55,10.44,28.5,9.72,38.22
2009-11-01,11.33,,2.18,4.55,10.42,28.48,9.73,38.21
2009-12-01,11.33,,2.18,4.66,10.38,28.54,9.67,38.21
2010-01-01,11.33,,2.18,4.69,10.43,28.63,9.78,38.41
2010-02-01,11.34,,2.18,4.69,10.36,28.58,9.89,38.47
2010-03-01,11.34,,2.18,4.71,10.37,28.59,9.99,38.58
2010-04-01,11.32,,2.18,4.72,10.42,28.64,9.89,38.53
2010-05-01,11.33,,2.18,4.69,10.35,28.55,9.95,38.5
2010-06-01,11.33,,2.18,4.7,10.38,28.59,9.96,38.55
2010-07-01,11.33,,2.18,4.71,10.3,28.52,9.93,38.45
2010-08-01,11.34,,2.18,4.7,10.13,28.35,9.86,38.21
2010-09-01,11.34,,2.18,4.69,10.15,28.36,9.93,38.29
2010-10-01,11.34,,2.18,4.67,10.08,28.27,10.04,38.31
2010-11-01,11.34,,2.18,4.67,10.23,28.42,9.89,38.31
2010-12-01,11.34,,2.18,4.67,10.29,28.48,9.82,38.3
2011-01-01,11.33,,2.18,4.67,10.21,28.39,9.95,38.34
2011-02-01,11.33,,2.18,4.67,10.2,28.38,9.92,38.3
2011-03-01,11.34,,2.18,4.68,10.13,28.33,10.02,38.35
2011-04-01,11.35,,2.18,4.7,10.21,28.44,10.11,38.55
2011-05-01,11.33,,2.18,4.77,10.22,28.5,10.08,38.58
2011-06-01,11.33,,2.18,4.79,10.87,29.17,9.24,38.41
2011-07-01,11.33,,2.18,4.79,10.87,29.17,9.24,38.41
2011-08-01,11.36,,2.18,4.8,10.8,29.14,9.26,38.4
2011-09-01,11.34,,2.18,4.8,11.03,29.35,9.33,38.68
2011-10-01,11.34,,2.18,4.8,11.16,29.48,9.41,38.89
2011-11-01,11.33,,2.18,4.8,11.13,29.45,9.46,38.91
2011-12-01,11.33,,2.18,4.82,11.11,29.44,9.49,38.93
2012-01-01,11.33,,2.18,4.83,11.16,29.5,9.45,38.95
2012-02-01,11.34,,2.18,4.83,11.14,29.48,9.47,38.95
2012-03-01,11.33,,2.18,4.83,11.04,29.38,9.58,38.96
2012-04-01,11.34,,2.18,4.82,11.04,29.39,9.65,39.04
2012-05-01,11.33,,2.18,4.83,11.18,29.53,9.63,39.16
2012-06-01,11.34,,2.18,4.82,11.28,29.62,9.55,39.17
2012-07-01,11.34,,2.18,4.8,11.27,29.59,9.6,39.19
2012-08-01,11.33,,2.18,4.8,11.05,29.36,9.79,39.15
2012-09-01,11.34,,2.18,4.8,11.16,29.47,9.89,39.36
2012-10-01,11.34,,2.18,4.8,11.41,29.73,9.86,39.59
2012-11-01,11.34,,2.18,4.8,11.4,29.72,10.23,39.95
2012-12-01,11.34,,2.18,4.81,11.56,29.89,10.23,40.12
2013-01-01,11.33,,2.18,4.84,11.5,29.85,10.31,40.16
2013-02-01,11.34,,2.18,4.85,11.52,29.89,10.52,40.41
2013-03-01,11.34,,2.18,4.87,11.6,29.99,10.52,40.51
2013-04-01,11.34,,2.18,4.98,11.42,29.92,10.82,40.74
2013-05-01,11.34,,2.18,5.0,11.45,29.96,10.94,40.9
2013-06-01,11.34,,2.18,5.0,11.5,30.02,10.89,40.91
2013-07-01,11.34,,2.18,5.0,11.68,30.2,10.7,40.9
2013-08-01,11.34,,2.18,5.0,11.5,30.02,10.96,40.98
2013-09-01,11.35,,2.18,5.01,11.42,29.95,11.58,41.53
2013-10-01,11.34,,2.18,5.04,11.67,30.22,11.89,42.11
2013-11-01,11.34,,2.18,5.04,11.79,30.35,11.99,42.34
2013-12-01,11.33,,2.18,5.05,11.93,30.49,11.95,42.44
2014-01-01,11.33,,2.18,5.07,11.96,30.54,11.94,42.48
2014-02-01,11.33,,2.18,5.07,11.99,30.58,12.03,42.61
2014-03-01,11.34,,2.18,5.0,11.96,30.48,12.15,42.63
2014-04-01,11.34,,2.18,5.29,11.64,30.45,12.22,42.67
2014-05-01,11.34,,2.18,5.29,11.54,30.35,12.31,42.66
2014-06-01,11.34,,2.18,5.3,11.6,30.42,12.27,42.69
2014-07-01,11.34,,2.18,5.34,11.47,30.33,12.33,42.66
2014-08-01,11.34,,2.18,5.31,11.63,30.46,12.18,42.64
2014-09-01,11.34,,2.18,5.32,11.93,30.77,12.93,43.7
2014-10-01,11.34,,2.18,5.35,12.28,31.15,13.28,44.43
2014-11-01,11.34,,2.18,5.38,12.5,31.4,13.2,44.6
2014-12-01,11.33,,2.18,5.4,12.53,31.44,13.26,44.7
2015-01-01,11.33,,2.18,5.55,12.36,31.42,13.25,44.67
2015-02-01,11.32,,2.18,5.44,12.62,31.56,13.33,44.89
2015-03-01,11.35,,2.18,5.27,12.99,31.79,13.44,45.23
2015-04-01,11.34,,2.18,3.9,14.26,31.68,14.09,45.77
2015-05-01,11.34,,2.18,4.91,13.52,31.95,14.0,45.95
2015-06-01,11.33,,2.18,4.93,13.46,31.9,14.02,45.92
2015-07-01,11.33,,2.18,4.91,13.47,31.89,14.07,45.96
2015-08-01,11.34,,2.18,4.67,13.78,31.97,14.05,46.02
2015-09-01,13.01,,2.18,5.69,14.34,35.22,17.7,52.92
2015-10-01,13.09,,2.18,6.33,14.98,36.58,17.29,53.87
2015-11-01,13.09,,2.18,6.47,15.6,37.35,16.86,54.21
2015-12-01,13.11,,2.18,6.42,15.81,37.51,16.56,54.07
2016-01-01,13.09,,2.18,6.63,15.67,37.57,16.38,53.95
2016-02-01,13.08,,2.18,6.66,16.05,37.97,15.97,53.94
2016-03-01,13.07,,2.18,6.97,16.01,38.23,15.64,53.87
2016-04-01,13.08,,2.18,6.99,15.93,38.18,15.5,53.68
2016-05-01,13.07,,2.18,7.0,15.52,37.77,15.61,53.38
2016-06-01,13.09,,2.18,7.1,14.69,37.06,16.06,53.12
2016-07-01,13.09,,2.18,7.09,14.7,37.06,15.82,52.88
2016-08-01,13.08,,2.18,7.1,14.47,36.83,15.94,52.77
2016-09-01,13.08,,2.18,7.1,15.33,37.69,17.0,54.69
2016-10-01,13.09,,2.18,7.13,16.15,38.55,16.79,55.34
2016-11-01,13.23,,2.18,7.32,16.32,39.05,16.56,55.61
2016-12-01,13.23,,2.18,7.36,16.46,39.23,16.37,55.6
2017-01-01,13.24,,2.18,7.56,16.59,39.57,16.04,55.61
2017-02-01,13.25,,2.18,7.57,16.39,39.39,16.1,55.49
2017-03-01,13.88,,2.18,7.63,15.59,39.28,16.4,55.68
2017-04-01,14.64,,2.18,7.72,15.7,40.24,16.95,57.19
2017-05-01,14.64,,2.18,7.82,15.93,40.57,16.64,57.21
2017-06-01,15.51,,2.18,7.88,15.33,40.9,16.48,57.38
2017-07-01,15.03,,2.18,7.92,15.88,41.01,16.52,57.53
2017-08-01,15.96,,2.18,7.98,14.82,40.94,16.66,57.6
2017-09-01,17.98,,2.18,8.1,13.61,41.87,17.58,59.45
2017-10-01,20.9,,2.18,8.56,12.81,44.45,18.76,63.21
2017-11-01,22.51,,2.18,9.02,13.26,46.97,18.22,65.19
2017-12-01,24.46,,2.18,9.24,12.19,48.07,18.46,66.53
2018-01-01,23.96,,2.18,9.35,13.73,49.22,18.09,67.31
2018-02-01,23.28,,2.18,9.37,14.82,49.65,17.15,66.8
2018-03-01,23.32,,2.18,8.54,15.44,49.48,17.31,66.79
2018-04-01,22.39,,2.18,8.99,16.36,49.92,17.07,66.99
2018-05-01,22.34,,2.18,9.3,16.49,50.31,16.65,66.96
2018-06-01,22.35,,2.18,8.42,17.32,50.27,18.5,68.77
2018-07-01,23.34,,2.18,9.45,15.94,50.91,17.66,68.57
2018-08-01,23.38,,2.18,9.51,16.19,51.26,17.09,68.35
2018-09-01,23.36,,2.18,9.63,16.27,51.44,17.04,68.48
2018-10-01,23.3,,2.18,9.2,17.36,52.04,16.49,68.53
2018-11-01,25.17,,2.18,7.86,17.12,52.33,16.64,68.97
2018-12-01,25.22,,2.18,9.75,15.48,52.63,16.72,69.35
2019-01-01,25.24,,2.18,8.63,16.36,52.41,16.74,69.15
2019-02-01,25.51,,2.18,9.63,14.94,52.26,16.85,69.11
2019-03-01,25.54,,2.18,9.37,15.2,52.29,16.88,69.17
2019-04-01,25.55,,2.18,9.26,15.28,52.27,16.79,69.06
2019-05-01,26.5,,2.18,9.8,14.12,52.6,16.69,69.29
2019-06-01,26.49,,2.18,9.06,14.98,52.71,16.53,69.24
2019-07-01,26.46,,2.18,9.42,14.49,52.55,16.53,69.08
2019-08-01,24.35,,2.18,9.4,16.29,52.22,16.6,68.82
2019-09-01,24.32,,2.18,9.25,16.21,51.96,16.9,68.86
2019-10-01,24.75,,2.18,9.19,15.63,51.75,17.02,68.77
2019-11-01,25.79,,2.18,9.35,14.83,52.15,16.96,69.11
2019-12-01,26.62,,2.18,9.66,13.86,52.32,16.92,69.24
2020-01-01,27.79,,2.18,9.5,13.36,52.83,16.91,69.74
2020-02-01,26.99,,2.18,8.94,15.16,53.27,16.64,69.91
2020-03-01,26.19,,2.18,10.37,14.47,53.21,16.73,69.94
2020-04-01,21.92,,2.18,10.33,18.08,52.51,17.38,69.89
2020-05-01,22.2,,2.18,10.35,16.98,51.71,17.83,69.54
2020-06-01,24.41,,2.18,10.34,15.14,52.07,17.51,69.58
2020-07-01,25.78,,2.18,10.25,14.41,52.62,17.34,69.96
2020-08-01,27.51,,2.18,10.3,12.85,52.84,17.14,69.98
2020-09-01,29.23,,2.18,10.3,11.1,52.81,,
2020-10-01,29.81,,2.18,10.36,10.64,52.99,18.62,71.61
2020-11-01,32.49,,2.18,10.37,9.74,54.77,18.47,73.24
2020-12-01,33.85,,2.18,10.62,9.63,56.28,18.47,74.75
2021-01-01,35.48,,2.18,10.61,9.78,58.05,18.81,76.86
2021-02-01,37.26,,2.18,10.97,9.6,60.02,19.58,79.6
2021-03-01,40.87,,,11.41,10.06,62.34,20.83,83.17
2021-04-01,42.06,,,11.85,10.04,63.95,21.06,85.01
2021-05-01,42.31,,,12.14,9.92,64.37,21.0,85.37
2021-06-01,43.65,,,12.19,10.17,66.01,21.42,87.43
2021-07-01,46.96,,,12.28,10.73,69.97,21.95,91.92
2021-08-01,47.55,,,12.84,10.66,71.05,22.43,93.48
2021-09-01,47.57,,,13.0,13.86,74.43,23.3,97.73
2021-10-01,49.64,,,13.39,14.43,77.46,23.33,100.79
2021-11-01,50.83,,,13.71,14.07,78.61,23.83,102.44
2021-12-01,50.87,,,13.71,13.75,78.32,24.0,102.32
2022-01-01,50.7,,,13.69,13.85,78.25,24.16,102.41
2022-02-01,51.0,,,13.69,13.62,78.31,24.21,102.52
2022-03-01,55.38,,,13.69,14.79,83.87,25.44,109.31
2022-04-01,56.25,,,13.69,15.18,85.13,27.87,113.0
2022-05-01,54.87,,,13.69,14.86,83.42,29.44,112.86
2022-06-01,54.9,,,13.68,14.86,83.44,29.11,112.55
2022-07-01,55.01,,,11.21,15.26,81.48,30.59,112.07
2022-08-01,55.34,,,11.33,15.03,81.7,29.92,111.62
2022-09-01,53.69,,,11.41,17.32,82.42,29.95,112.37
2022-10-01,49.6,,,11.54,19.2,80.34,29.41,109.75
2022-11-01,48.39,,,11.63,19.08,79.1,31.07,110.17
2022-12-01,44.48,,,11.63,18.81,74.92,34.26,109.18
2023-01-01,42.84,,,12.93,19.12,74.89,33.38,108.27
2023-02-01,43.03,,,13.16,19.14,75.33,32.56,107.89
2023-03-01,43.24,,,13.47,18.75,75.46,32.1,107.56
2023-04-01,42.91,,,13.6,19.4,75.91,31.67,107.58
2023-05-01,39.16,,,16.34,18.45,73.95,33.34,107.29
2023-06-01,33.87,,,16.34,18.65,68.87,34.59,103.46
2023-07-01,32.06,,,16.34,18.77,67.18,34.81,101.99
2023-08-01,32.07,,,16.34,18.44,66.85,34.24,101.09
2023-09-01,32.28,,,16.34,19.95,68.57,32.84,101.41
2023-10-01,32.72,,,16.34,20.63,69.69,32.07,101.76
2023-11-01,32.65,,,16.34,20.12,69.11,32.27,101.38
2023-12-01,32.35,,,16.34,19.79,68.48,32.45,100.93
2024-01-01,33.3,,,16.34,19.13,68.78,32.1,100.88
2024-02-01,33.18,,,18.38,18.97,70.53,31.56,102.09
2024-03-01,32.75,,,18.38,19.53,70.66,31.52,102.18
2024-04-01,33.74,,,18.38,17.93,70.05,31.81,101.86
2024-05-01,33.04,,,18.38,18.52,69.94,31.67,101.61
2024-06-01,32.39,,,18.38,19.27,70.04,31.42,101.46
2024-07-01,35.35,,,18.38,18.7,72.43,30.16,102.59
2024-08-01,36.22,,,18.38,19.33,73.93,29.6,103.53
2024-09-01,36.32,,,18.38,22.75,77.45,28.59,106.04
2024-10-01,36.3,,,18.38,22.92,77.6,28.97,106.57
2024-11-01,36.55,,,18.38,22.5,77.43,29.41,106.84
2024-12-01,37.26,,,18.38,22.26,77.9,29.51,107.41
2025-01-01,37.07,,,18.38,22.09,77.54,29.67,107.21
2025-02-01,37.21,,,18.07,22.46,77.74,29.5,107.24
2025-03-01,37.35,,,18.07,23.16,78.58,28.73,107.31
2025-04-01,39.25,,,18.07,20.66,77.98,29.52,107.5
2025-05-01,38.18,,,18.07,22.74,78.99,29.6,108.59
2025-06-01,38.65,,,18.07,22.11,78.83,29.8,108.63
2025-07-01,38.82,,,18.07,21.29,78.18,30.27,108.45
2025-08-01,38.06,,,18.07,21.82,77.95,30.15,108.1
2025-09-01,38.61,,,18.07,22.61,79.29,29.81,109.1
2025-10-01,36.46,,,18.07,25.57,80.1,30.2,110.3
2025-11-01,36.25,,,18.07,25.14,79.46,30.88,110.34
2025-12-01,36.27,,,18.07,24.21,78.55,31.67,110.22
2026-01-01,38.38,,,19.11,22.17,79.66,30.65,110.31
2026-02-01,36.21,,,19.11,24.19,79.51,30.49,110.0
2026-03-01,36.71,,,19.11,22.95,78.77,31.38,110.15
2026-04-01,37.91,,,19.11,25.51,82.53,31.16,113.69
2026-05-01,36.27,,,19.11,25.98,81.36,33.35,114.71
2026-06-01,36.4,,,19.11,24.8,80.31,34.21,114.52
